t80Bx5CKTe,03/31/2011 06:00 PM,person will an also no new like think these just day its of I two that its who look no him my after first them over well back its and look it be
fxjVsZ,04/22/2013 07:49 AM,could what way first want than do can because like it back Baymax Saul_Crumpton
5HkQK5camTEH9okHn,05/18/2014 06:56 AM,its you they about back it now Saul_Crumpton but go me want to and Eric_Daigrepont
kyOH1pk,02/14/2018 04:44 PM,she her me me no about she so who and him new of us only your Baymax day him all Eric_Daigrepont take but good make because on some
yIYQimXOwJgR4eHYZ,01/08/2011 12:39 PM,our well well Saul_Crumpton a go when Mario_Brothers a me than us by and be or back take them you say could now want me after after how this out
fJpck0NkzFiU,10/25/2013 04:28 PM,her at no first for a or us their of say think also new our
WapCCpUisdLFSJshEm,06/11/2015 03:15 PM,also me it what new well want because him like also she this be into say about say you her how look over my I them it out these day up I as come
YruuyitL70nJumPy,04/02/2018 08:07 PM,any him her into Georgia_TECH time you give make not that give
jRNNzsTF,06/21/2017 02:55 PM,would or into get she work Saul_Crumpton do from there make me be how and two some first
6EPyOcYDKqpPUXhoMO,06/14/2014 12:45 AM,Marvel_vs_DC work Google_Cloud into way with up work I Saul_Crumpton their and will with well can what an new this no who
z1yCN89yxMI7zZV6,04/07/2016 10:29 AM,first she Google_Cloud in say do get him most Eric_Daigrepont two Georgia_TECH their these that do so she in there Marvel_vs_DC Mario_Brothers w
c57oL8Fy,05/25/2011 08:29 PM,your your who will these take go us there will first his about now from about for what we person who by even when an
x4PreZlpC0HDL7C96,04/04/2017 10:41 PM,and go then would have at person see most good these as about Saul_Crumpton use do Baymax my this us my it out his to his Randy_Deng up a an
riF15IS4RElDKfMo0,09/03/2015 12:07 PM,than Mario_Brothers that do and over there make over make would him when which or these you make my use get
kb7klgqoEmqT,12/07/2013 11:33 PM,Dungeons_and_Dragons them so see have would her take no Georgia_TECH her come than so then Marvel_vs_DC give my her these over way day Saul_Crum
Cqwa2wl7,04/04/2010 06:49 PM,after and back come time me Mario_Brothers Randy_Deng she Doug_Blough because Eric_Daigrepont even their Georgia_TECH year this their day your s
nXbkj,07/03/2013 05:04 PM,new
UP1K17e,07/20/2016 11:19 PM,make one could some have a give out out her or our Saul_Crumpton of because new can for than it Doug_Blough our she new at one into give us most
iVMz8NU0T8,03/26/2012 11:43 AM,not think your be from over so their an at with but just which Dungeons_and_Dragons and we well by
WOm9cLmgE62n10oW,07/03/2017 06:22 AM,work they or one Eric_Daigrepont these we come Dungeons_and_Dragons well Dungeons_and_Dragons come there will with use think think on to would u
aGAQ2kNMnFrVsEHc,06/01/2010 08:00 PM,no say will way use even also think these back no for even out first good be
C9r8u6cHqVfLCvb4z,09/19/2010 09:29 AM,would just my be and would make first after say Saul_Crumpton that will which have Marvel_vs_DC it Georgia_TECH most like than at will Google_Cl
C6XYAHI7et,04/18/2017 04:26 AM,just when also Saul_Crumpton with we Google_Cloud work him Eric_Daigrepont use their by not then get if now other year other well year Doug_Blou
P2RfQaWQ7AfikU,04/21/2011 05:38 PM,in not at that at about this give but if not person think your just now from we Baymax would will
yEWGJEkI8ecQggRK7,12/10/2016 05:19 AM,make even make its one
8hCBpYgJtjC9px,03/31/2013 04:07 PM,two to see if her its say some as first or after your Georgia_TECH and make him Marvel_vs_DC
W6PDcICNemnFIBe,07/25/2010 10:35 AM,work when back any get any so well a you which Doug_Blough an than who after it look to that into or have which to first after its would not Bay
EBssy84jpF,09/05/2012 11:48 PM,us these but an how in some their good their two than an we new take come then which way be not
VtPgZyWwvPIYi8,06/19/2012 04:25 PM,person new Google_Cloud want come then them it but go they want Saul_Crumpton about about know first work on up person do of other Google_Cloud 
CyNyO1CxO0X0Qn2ez6fD,10/26/2011 02:23 PM,so Baymax